{
    "SCENARIO_NAME": "Base Scenario",
    "REGIONS": [
        "United States"
    ],
    "DEMOGRAPHIC_DATA": "data/demographic-data/",
    "SEROLOGICAL_DATA": "data/serological-data/",
    "SAVE_PATH": "output/",
    "MINIMUM_AGE": 0,
    "AGE_LIMITS": [
        0,
        18,
        50,
        65
    ],
    "POP_SIZE": 20000,
    "BIRTH_RATE": 0.013333333333333334,
    "INFECTIOUS_PERIOD": 7.0,
    "EXPOSED_TO_INFECTIOUS": 3.6,
    "VACCINATION_RATE": 0.002,
    "INITIAL_INFECTIONS": 1.0,
    "STRAIN_SPECIFIC_R0": [
        1.5,
        1.5,
        1.5
    ],
    "NUM_WANING_COMPARTMENTS": 18,
    "WANING_TIME": 21,
    "INITAL_PROTECTION": 0.52,
    "INITIAL_POPULATION_FRACTIONS": [
        0.2580609526415867,
        0.43362986485938804,
        0.18795296628553776,
        0.1203562162134875
    ],
    "CONTACT_MATRIX": [
        [
            0.48579976527525803,
            0.2328921788127713,
            0.14662722918686738,
            0.11040614423519624
        ],
        [
            0.4091996396958741,
            0.5454332675119787,
            0.41361895980942565,
            0.2352836671815877
        ],
        [
            0.11616854499950949,
            0.18650651976305155,
            0.28774287628292083,
            0.14067713690627545
        ],
        [
            0.0581826450872545,
            0.0705686257461073,
            0.09357284101470024,
            0.21644819918631247
        ]
    ],
    "INIT_INFECTION_DIST": [
        0.3049001814882033,
        0.2849364791288566,
        0.23049001814882025,
        0.17967332123411983
    ],
    "INIT_EXPOSED_DIST": [
        [
            0.0,
            0.0,
            0.15680580762250457
        ],
        [
            0.0,
            0.0,
            0.14653876069484056
        ],
        [
            0.0,
            0.0,
            0.11853772361939328
        ],
        [
            0.0,
            0.0,
            0.09240342234897593
        ]
    ],
    "INIT_WANING_DIST": [
        [
            [
                0.0,
                0.0,
                0.0,
                0.0,
                0.0,
                0.0,
                0.0,
                0.0,
                0.0,
                0.0,
                0.0,
                0.0,
                0.01021428571428573,
                0.006357142857142839,
                0.011142857142857177,
                0.0011428571428571122,
                0.02091750503018111,
                0.23322535211267606
            ],
            [
                0.0,
                0.0,
                0.0,
                0.0,
                0.015428571428571401,
                0.026953571428571407,
                0.026512499999999994,
                0.026512499999999994,
                0.026512499999999994,
                0.018937499999999996,
                0.0,
                0.0,
                0.0,
                0.0,
                0.0,
                0.0,
                0.0,
                0.0
            ],
            [
                0.09956129032258065,
                0.07941013824884786,
                0.016500000000000018,
                0.00907142857142862,
                0.0,
                0.0,
                0.0,
                0.0,
                0.0,
                0.0,
                0.0,
                0.0,
                0.0,
                0.0,
                0.0,
                0.0,
                0.0,
                0.0
            ]
        ],
        [
            [
                0.0,
                0.0,
                0.0,
                0.0,
                0.0,
                0.0,
                0.0,
                0.0,
                0.0,
                0.0,
                0.0,
                0.0,
                0.00835714285714284,
                0.003214285714285725,
                0.0034285714285714197,
                0.0051428571428571435,
                0.022603621730382297,
                0.20225352112676057
            ],
            [
                0.0,
                0.0,
                0.0,
                0.0,
                0.007821428571428589,
                0.0094892857142857,
                0.021262500000000017,
                0.021262500000000017,
                0.02126249999999996,
                0.015187500000000019,
                0.0,
                0.0,
                0.0,
                0.0,
                0.0,
                0.0,
                0.0,
                0.0
            ],
            [
                0.09161612903225808,
                0.07176958525345623,
                0.013499999999999956,
                0.00892857142857145,
                0.0,
                0.0,
                0.0,
                0.0,
                0.0,
                0.0,
                0.0,
                0.0,
                0.0,
                0.0,
                0.0,
                0.0,
                0.0,
                0.0
            ]
        ],
        [
            [
                0.0,
                0.0,
                0.0,
                0.0,
                0.0,
                0.0,
                0.0,
                0.0,
                0.0,
                0.0,
                0.0,
                0.0,
                0.0,
                0.006428571428571422,
                0.008571428571428591,
                0.006999999999999977,
                0.014647887323943645,
                0.16635211267605637
            ],
            [
                0.0,
                0.0,
                0.0,
                0.0,
                0.006214285714285728,
                0.005246428571428569,
                0.012337499999999973,
                0.012337500000000003,
                0.012337500000000003,
                0.008812500000000001,
                0.0,
                0.0,
                0.0,
                0.0,
                0.0,
                0.0,
                0.0,
                0.0
            ],
            [
                0.07022903225806454,
                0.05244239631336401,
                0.016500000000000015,
                0.009642857142857173,
                0.0,
                0.0,
                0.0,
                0.0,
                0.0,
                0.0,
                0.0,
                0.0,
                0.0,
                0.0,
                0.0,
                0.0,
                0.0,
                0.0
            ]
        ],
        [
            [
                0.0,
                0.0,
                0.0,
                0.0,
                0.0,
                0.0,
                0.0,
                0.0,
                0.0,
                0.0,
                0.0,
                0.0,
                0.0,
                0.0020000000000000013,
                0.0,
                0.0054285714285714215,
                0.015740442655935633,
                0.11283098591549295
            ],
            [
                0.0,
                0.0,
                0.0,
                0.0,
                0.0042857142857142825,
                0.006103571428571431,
                0.0070874999999999974,
                0.0070874999999999974,
                0.0070874999999999974,
                0.005062499999999998,
                0.0,
                0.0,
                0.0,
                0.0,
                0.0,
                0.0,
                0.0,
                0.0
            ],
            [
                0.04595806451612902,
                0.0268847926267281,
                0.012000000000000012,
                0.005142857142857144,
                0.0,
                0.0,
                0.0,
                0.0,
                0.0,
                0.0,
                0.0,
                0.0,
                0.0,
                0.0,
                0.0,
                0.0,
                0.0,
                0.0
            ]
        ]
    ],